{"timestamps": [1489205736.509884], "initial_reset_timestamp": 1489205707.587772, "episode_types": ["t"], "episode_lengths": [478], "episode_rewards": [30.0]}